<DataBase>
  <!--                   -->
  <!--      AICSemi      -->
  <!--                   -->
  <Device>
   <ChipInfo Vendor="AICSemi" Name="AIC8800MBW" Core="JLINK_CORE_CORTEX_M4" WorkRAMAddr="0x00160000" WorkRAMSize="0x00010000" />
   <FlashBankInfo Name="Internal Flash" BaseAddr="0x08000000" MaxSize="0x00200000" Loader="Devices/AIC/AIC8800/AIC8800MBW.elf" LoaderType="FLASH_ALGO_TYPE_OPEN" AlwaysPresent="1" />
  </Device>
  <Device>
   <ChipInfo Vendor="AICSemi" Name="AIC8800MCW" Core="JLINK_CORE_CORTEX_M4" WorkRAMAddr="0x00160000" WorkRAMSize="0x00010000" />
   <FlashBankInfo Name="Internal Flash" BaseAddr="0x08000000" MaxSize="0x00400000" Loader="Devices/AIC/AIC8800/AIC8800MCW.elf" LoaderType="FLASH_ALGO_TYPE_OPEN" AlwaysPresent="1" />
  </Device>
</DataBase>
